{
  "total_revenue_at_risk": 131843.17999999996,
  "targeted_customer_count": 12,
  "projected_revenue_saved": 7079.150000000001,
  "retention_roi": 5.8992916666666675
}